timestamp,model,power,phase,response_type,input_tokens,output_tokens,cost_usd
2026-05-01T10:10:02.506118,x-ai/grok-4.1-fast,unknown,unknown,unknown,1210,1252,0.00084595
2026-05-01T10:10:13.041029,x-ai/grok-4.1-fast,unknown,unknown,unknown,940,1441,0.0008854
2026-05-01T10:10:18.062656,x-ai/grok-4.1-fast,unknown,unknown,unknown,1203,1385,0.00091
2026-05-01T10:10:19.079190,x-ai/grok-4.1-fast,unknown,unknown,unknown,1473,3043,0.00179405
2026-05-01T10:10:19.476542,x-ai/grok-4.1-fast,unknown,unknown,unknown,1350,1035,0.0007644
2026-05-01T10:10:28.269142,x-ai/grok-4.1-fast,unknown,unknown,unknown,1678,772,0.00069955
2026-05-01T10:10:32.166644,x-ai/grok-4.1-fast,unknown,unknown,unknown,1344,3545,0.00201925
2026-05-01T10:10:33.848423,x-ai/grok-4.1-fast,unknown,unknown,unknown,1638,2124,0.00136755
2026-05-01T10:10:40.256177,x-ai/grok-4.1-fast,unknown,unknown,unknown,1301,2298,0.0013861
2026-05-01T10:10:41.302943,x-ai/grok-4.1-fast,unknown,unknown,unknown,1291,1211,0.0008406
2026-05-01T10:10:47.105932,x-ai/grok-4.1-fast,unknown,unknown,unknown,1576,1639,0.00111265
2026-05-01T10:10:49.424591,x-ai/grok-4.1-fast,unknown,unknown,unknown,1442,2524,0.0015273
2026-05-01T10:10:53.018147,x-ai/grok-4.1-fast,unknown,unknown,unknown,2027,1235,0.00100085
2026-05-01T10:11:20.979448,x-ai/grok-4.1-fast,unknown,unknown,unknown,1350,3603,0.0020484
2026-05-01T10:11:38.112332,x-ai/grok-4.1-fast,unknown,unknown,unknown,1529,5363,0.00296525
2026-05-01T10:11:39.177415,x-ai/grok-4.1-fast,unknown,unknown,unknown,1167,905,0.00066385
2026-05-01T10:11:42.909288,x-ai/grok-4.1-fast,unknown,unknown,unknown,1197,1687,0.00106085
2026-05-01T10:11:55.411761,x-ai/grok-4.1-fast,unknown,unknown,unknown,1938,1180,0.00095555
2026-05-01T10:11:57.730298,x-ai/grok-4.1-fast,unknown,unknown,unknown,1826,2301,0.0014926
2026-05-01T10:12:02.868018,x-ai/grok-4.1-fast,unknown,unknown,unknown,1721,3031,0.0018366
2026-05-01T10:12:08.458081,x-ai/grok-4.1-fast,unknown,unknown,unknown,1486,1030,0.0007891
2026-05-01T10:12:09.702620,x-ai/grok-4.1-fast,unknown,unknown,unknown,1340,999,0.00074545
2026-05-01T10:12:15.224889,x-ai/grok-4.1-fast,unknown,unknown,unknown,1301,1501,0.00098865
2026-05-01T10:12:26.527813,x-ai/grok-4.1-fast,unknown,unknown,unknown,1268,925,0.000693
2026-05-01T10:12:31.047758,x-ai/grok-4.1-fast,unknown,unknown,unknown,1556,906,0.0007411
2026-05-01T10:12:35.076156,x-ai/grok-4.1-fast,unknown,unknown,unknown,1547,1669,0.00112185
2026-05-01T10:12:41.157135,x-ai/grok-4.1-fast,unknown,unknown,unknown,1387,3133,0.0018208
2026-05-01T10:12:42.209886,x-ai/grok-4.1-fast,unknown,unknown,unknown,2265,1803,0.00133245
2026-05-01T10:12:49.916915,x-ai/grok-4.1-fast,unknown,unknown,unknown,1648,2109,0.001361
2026-05-01T10:12:56.255572,x-ai/grok-4.1-fast,unknown,unknown,unknown,1287,1543,0.00100685
2026-05-01T10:13:06.168078,x-ai/grok-4.1-fast,unknown,unknown,unknown,1554,1558,0.0010667
2026-05-01T10:13:07.264118,x-ai/grok-4.1-fast,unknown,unknown,unknown,1393,1534,0.00102355
2026-05-01T10:13:12.822177,x-ai/grok-4.1-fast,unknown,unknown,unknown,1677,1720,0.0011723
2026-05-01T10:13:15.618472,x-ai/grok-4.1-fast,unknown,unknown,unknown,2131,865,0.0008356
2026-05-01T10:13:21.082320,x-ai/grok-4.1-fast,unknown,unknown,unknown,1541,3282,0.00192715
2026-05-01T10:13:21.634383,x-ai/grok-4.1-fast,unknown,unknown,unknown,1667,1348,0.0009843
2026-05-01T10:13:25.479150,x-ai/grok-4.1-fast,unknown,unknown,unknown,1271,1308,0.0008851
2026-05-01T10:13:35.381517,x-ai/grok-4.1-fast,unknown,unknown,unknown,1211,1644,0.00104215
2026-05-01T10:13:36.468796,x-ai/grok-4.1-fast,unknown,unknown,unknown,1487,2683,0.00161685
2026-05-01T10:13:41.920585,x-ai/grok-4.1-fast,unknown,unknown,unknown,1510,2414,0.0014859
2026-05-01T10:13:43.079770,x-ai/grok-4.1-fast,unknown,unknown,unknown,1826,1037,0.0008606
2026-05-01T10:13:51.095348,x-ai/grok-4.1-fast,unknown,unknown,unknown,1625,1028,0.0008159
2026-05-01T10:13:56.423853,x-ai/grok-4.1-fast,unknown,unknown,unknown,1290,1563,0.00101745
2026-05-01T10:13:56.887014,x-ai/grok-4.1-fast,unknown,unknown,unknown,1870,2342,0.0015219
2026-05-01T10:14:05.137945,x-ai/grok-4.1-fast,unknown,unknown,unknown,1500,941,0.00074845
2026-05-01T10:14:12.192513,x-ai/grok-4.1-fast,unknown,unknown,unknown,1361,1760,0.00113015
2026-05-01T10:14:15.323020,x-ai/grok-4.1-fast,unknown,unknown,unknown,1658,1975,0.00129705
2026-05-01T10:14:23.297096,x-ai/grok-4.1-fast,unknown,unknown,unknown,1649,1194,0.00090475
2026-05-01T10:14:24.833993,x-ai/grok-4.1-fast,unknown,unknown,unknown,1551,1591,0.00108365
2026-05-01T10:14:27.971810,x-ai/grok-4.1-fast,unknown,unknown,unknown,1261,1161,0.00081065
2026-05-01T10:14:29.894140,x-ai/grok-4.1-fast,unknown,unknown,unknown,1280,1855,0.0011604
2026-05-01T10:14:36.708187,x-ai/grok-4.1-fast,unknown,unknown,unknown,1226,1353,0.0008986
2026-05-01T10:14:37.424764,x-ai/grok-4.1-fast,unknown,unknown,unknown,1357,1543,0.00102085
2026-05-01T10:14:52.816666,x-ai/grok-4.1-fast,unknown,unknown,unknown,1602,2562,0.00157935
2026-05-01T10:14:53.493329,x-ai/grok-4.1-fast,unknown,unknown,unknown,1485,2077,0.00131345
2026-05-01T10:14:56.950433,x-ai/grok-4.1-fast,unknown,unknown,unknown,2136,2538,0.00167415
2026-05-01T10:15:05.018193,x-ai/grok-4.1-fast,unknown,unknown,unknown,1660,1264,0.00094195
2026-05-01T10:15:09.401683,x-ai/grok-4.1-fast,unknown,unknown,unknown,1453,1492,0.00101455
2026-05-01T10:15:11.899046,x-ai/grok-4.1-fast,unknown,unknown,unknown,1931,1463,0.00109565
2026-05-01T10:15:19.175645,x-ai/grok-4.1-fast,unknown,unknown,unknown,1445,1207,0.00087045
2026-05-01T10:15:24.508008,x-ai/grok-4.1-fast,unknown,unknown,unknown,2000,932,0.00084395
2026-05-01T10:15:32.378122,x-ai/grok-4.1-fast,unknown,unknown,unknown,1739,1746,0.00119875
2026-05-01T10:15:38.856705,x-ai/grok-4.1-fast,unknown,unknown,unknown,1651,1337,0.00097665
2026-05-01T10:15:41.058476,x-ai/grok-4.1-fast,unknown,unknown,unknown,1429,3114,0.0018197
2026-05-01T10:15:51.679171,x-ai/grok-4.1-fast,unknown,unknown,unknown,1245,2879,0.00166645
2026-05-01T10:15:54.827974,x-ai/grok-4.1-fast,unknown,unknown,unknown,1602,2404,0.0014993
2026-05-01T10:16:03.628386,x-ai/grok-4.1-fast,unknown,unknown,unknown,1750,1435,0.0010444
2026-05-01T10:16:06.913361,x-ai/grok-4.1-fast,unknown,unknown,unknown,1772,1607,0.00113585
2026-05-01T10:16:07.411768,x-ai/grok-4.1-fast,unknown,unknown,unknown,1222,2535,0.00148985
2026-05-01T10:16:12.425945,x-ai/grok-4.1-fast,unknown,unknown,unknown,1634,2338,0.0014727
2026-05-01T10:16:19.523171,x-ai/grok-4.1-fast,unknown,unknown,unknown,1293,1634,0.00105355
2026-05-01T10:16:19.786792,x-ai/grok-4.1-fast,unknown,unknown,unknown,1645,1351,0.00098245
2026-05-01T10:16:26.351995,x-ai/grok-4.1-fast,unknown,unknown,unknown,1254,1580,0.00101875
2026-05-01T10:16:36.474791,x-ai/grok-4.1-fast,unknown,unknown,unknown,1338,1029,0.00076005
2026-05-01T10:16:37.914098,x-ai/grok-4.1-fast,unknown,unknown,unknown,1662,2992,0.0018053
2026-05-01T10:16:38.379665,x-ai/grok-4.1-fast,unknown,unknown,unknown,2162,2289,0.00155485
2026-05-01T10:16:41.330510,x-ai/grok-4.1-fast,unknown,unknown,unknown,1757,2505,0.0015808
2026-05-01T10:16:52.500421,x-ai/grok-4.1-fast,unknown,unknown,unknown,1197,1476,0.00095535
2026-05-01T10:16:57.342485,x-ai/grok-4.1-fast,unknown,unknown,unknown,1635,2372,0.0014899
2026-05-01T10:17:06.656495,x-ai/grok-4.1-fast,unknown,unknown,unknown,2399,1670,0.0012917
2026-05-01T10:17:06.662501,x-ai/grok-4.1-fast,unknown,unknown,unknown,1738,1414,0.00103255
2026-05-01T10:17:07.178676,x-ai/grok-4.1-fast,unknown,unknown,unknown,1179,2394,0.0014097
2026-05-01T10:17:10.327235,x-ai/grok-4.1-fast,unknown,unknown,unknown,1314,1284,0.00088275
2026-05-01T10:17:23.220797,x-ai/grok-4.1-fast,unknown,unknown,unknown,1788,2102,0.00138655
2026-05-01T10:17:26.856047,x-ai/grok-4.1-fast,unknown,unknown,unknown,1330,2197,0.00134245
2026-05-01T10:17:31.823385,x-ai/grok-4.1-fast,unknown,unknown,unknown,1655,2322,0.00146995
2026-05-01T10:17:36.728009,x-ai/grok-4.1-fast,unknown,unknown,unknown,1247,1042,0.00074835
2026-05-01T10:17:41.260049,x-ai/grok-4.1-fast,unknown,unknown,unknown,1779,5064,0.0028647
2026-05-01T10:17:48.128211,x-ai/grok-4.1-fast,unknown,unknown,unknown,1778,2241,0.001453
2026-05-01T10:17:49.196622,x-ai/grok-4.1-fast,unknown,unknown,unknown,2589,673,0.0008312
2026-05-01T10:17:52.106230,x-ai/grok-4.1-fast,unknown,unknown,unknown,1585,2126,0.00135795
2026-05-01T10:17:52.994180,x-ai/grok-4.1-fast,unknown,unknown,unknown,1299,1797,0.0011352
2026-05-01T10:18:00.021774,x-ai/grok-4.1-fast,unknown,unknown,unknown,1921,1323,0.0010226
2026-05-01T10:18:02.443425,x-ai/grok-4.1-fast,unknown,unknown,unknown,1507,1594,0.0010753
2026-05-01T10:18:08.610797,x-ai/grok-4.1-fast,unknown,unknown,unknown,1760,2354,0.00150695
2026-05-01T10:18:08.748187,x-ai/grok-4.1-fast,unknown,unknown,unknown,1800,815,0.00074545
2026-05-01T10:18:09.908328,x-ai/grok-4.1-fast,unknown,unknown,unknown,1542,1746,0.00115935
2026-05-01T10:18:22.961255,x-ai/grok-4.1-fast,unknown,unknown,unknown,1266,2670,0.0015651
2026-05-01T10:18:25.122591,x-ai/grok-4.1-fast,unknown,unknown,unknown,1358,1868,0.0011825
2026-05-01T10:18:27.921860,x-ai/grok-4.1-fast,unknown,unknown,unknown,1997,2072,0.00141335
2026-05-01T10:18:30.019438,x-ai/grok-4.1-fast,unknown,unknown,unknown,1806,2131,0.00140465
2026-05-01T10:18:47.320588,x-ai/grok-4.1-fast,unknown,unknown,unknown,1574,2321,0.00145325
2026-05-01T10:18:50.637355,x-ai/grok-4.1-fast,unknown,unknown,unknown,1331,1924,0.0012051
2026-05-01T10:18:53.611769,x-ai/grok-4.1-fast,unknown,unknown,unknown,1811,1913,0.00129665
2026-05-01T10:19:04.457847,x-ai/grok-4.1-fast,unknown,unknown,unknown,1416,1083,0.0008016
2026-05-01T10:19:06.913919,x-ai/grok-4.1-fast,unknown,unknown,unknown,1964,1614,0.0011767
2026-05-01T10:19:10.161227,x-ai/grok-4.1-fast,unknown,unknown,unknown,1597,4254,0.00242435
2026-05-01T10:19:20.510894,x-ai/grok-4.1-fast,unknown,unknown,unknown,1803,956,0.00081655
2026-05-01T10:19:21.825625,x-ai/grok-4.1-fast,unknown,unknown,unknown,1591,903,0.0007466
2026-05-01T10:19:24.111452,x-ai/grok-4.1-fast,unknown,unknown,unknown,1461,1231,0.00088565
2026-05-01T10:19:33.172310,x-ai/grok-4.1-fast,unknown,unknown,unknown,1424,2353,0.00143925
2026-05-01T10:19:33.459060,x-ai/grok-4.1-fast,unknown,unknown,unknown,1954,1560,0.0011477
2026-05-01T10:19:40.892209,x-ai/grok-4.1-fast,unknown,unknown,unknown,1694,2600,0.0016157
2026-05-01T10:19:41.871941,x-ai/grok-4.1-fast,unknown,unknown,unknown,1616,1092,0.0008461
2026-05-01T10:19:42.377179,x-ai/grok-4.1-fast,unknown,unknown,unknown,1339,1624,0.00105775
2026-05-01T10:19:51.139981,x-ai/grok-4.1-fast,unknown,unknown,unknown,1291,1139,0.00080565
2026-05-01T10:19:55.350784,x-ai/grok-4.1-fast,unknown,unknown,unknown,2192,1346,0.0010883
2026-05-01T10:20:03.500230,x-ai/grok-4.1-fast,unknown,unknown,unknown,1915,2441,0.00158145
2026-05-01T10:20:05.787564,x-ai/grok-4.1-fast,unknown,unknown,unknown,1258,2374,0.0014155
2026-05-01T10:20:06.131924,x-ai/grok-4.1-fast,unknown,unknown,unknown,1529,3131,0.0018482
2026-05-01T10:20:10.874768,x-ai/grok-4.1-fast,unknown,unknown,unknown,1860,2102,0.0013999
2026-05-01T10:20:23.065702,x-ai/grok-4.1-fast,unknown,unknown,unknown,1419,2047,0.00128525
2026-05-01T10:20:23.265979,x-ai/grok-4.1-fast,unknown,unknown,unknown,1923,1426,0.0010745
2026-05-01T10:20:29.376275,x-ai/grok-4.1-fast,unknown,unknown,unknown,1690,825,0.00072845
2026-05-01T10:20:33.610662,x-ai/grok-4.1-fast,unknown,unknown,unknown,1311,1913,0.0011956
2026-05-01T10:20:40.275412,x-ai/grok-4.1-fast,unknown,unknown,unknown,1613,1975,0.00128805
2026-05-01T10:20:44.050685,x-ai/grok-4.1-fast,unknown,unknown,unknown,1779,1844,0.00125575
2026-05-01T10:20:51.052416,x-ai/grok-4.1-fast,unknown,unknown,unknown,2150,1384,0.0010989
2026-05-01T10:20:53.715220,x-ai/grok-4.1-fast,unknown,unknown,unknown,2087,1441,0.0011148
2026-05-01T10:20:57.041679,x-ai/grok-4.1-fast,unknown,unknown,unknown,1975,4506,0.00262595
2026-05-01T10:21:06.989030,x-ai/grok-4.1-fast,unknown,unknown,unknown,1891,3659,0.00218565
2026-05-01T10:21:14.929851,x-ai/grok-4.1-fast,unknown,unknown,unknown,1655,682,0.00064995
2026-05-01T10:21:19.503775,x-ai/grok-4.1-fast,unknown,unknown,unknown,1269,1437,0.00095025
2026-05-01T10:21:21.259410,x-ai/grok-4.1-fast,unknown,unknown,unknown,1497,1438,0.0009953
2026-05-01T10:21:24.605468,x-ai/grok-4.1-fast,unknown,unknown,unknown,1688,583,0.00060705
2026-05-01T10:21:27.905123,x-ai/grok-4.1-fast,unknown,unknown,unknown,1765,1473,0.0010664
2026-05-01T10:21:34.052120,x-ai/grok-4.1-fast,unknown,unknown,unknown,1295,1187,0.0008294
2026-05-01T10:21:35.619060,x-ai/grok-4.1-fast,unknown,unknown,unknown,1554,2000,0.0012877
2026-05-01T10:21:38.987571,x-ai/grok-4.1-fast,unknown,unknown,unknown,1763,590,0.0006245
2026-05-01T10:21:40.040861,x-ai/grok-4.1-fast,unknown,unknown,unknown,1375,1291,0.0008974
2026-05-01T10:21:44.008703,x-ai/grok-4.1-fast,unknown,unknown,unknown,1221,2803,0.00162365
2026-05-01T10:21:50.709581,x-ai/grok-4.1-fast,unknown,unknown,unknown,1792,1286,0.00097935
2026-05-01T10:21:55.016487,x-ai/grok-4.1-fast,unknown,unknown,unknown,1760,1949,0.00130445
2026-05-01T10:21:58.693771,x-ai/grok-4.1-fast,unknown,unknown,unknown,1413,3698,0.0021085
2026-05-01T10:22:02.355075,x-ai/grok-4.1-fast,unknown,unknown,unknown,2127,2405,0.0016048
2026-05-01T10:22:11.597794,x-ai/grok-4.1-fast,unknown,unknown,unknown,1378,1568,0.00103755
2026-05-01T10:22:14.789901,x-ai/grok-4.1-fast,unknown,unknown,unknown,1716,1358,0.0009991
2026-05-01T10:22:21.753012,x-ai/grok-4.1-fast,unknown,unknown,unknown,1719,713,0.00067825
2026-05-01T10:22:25.639257,x-ai/grok-4.1-fast,unknown,unknown,unknown,1857,1933,0.00131585
2026-05-01T10:22:27.277923,x-ai/grok-4.1-fast,unknown,unknown,unknown,1284,2544,0.00150675
2026-05-01T10:22:28.130098,x-ai/grok-4.1-fast,unknown,unknown,unknown,2058,1869,0.00132405
2026-05-01T10:22:34.220725,x-ai/grok-4.1-fast,unknown,unknown,unknown,1299,886,0.00068075
2026-05-01T10:22:42.523972,x-ai/grok-4.1-fast,unknown,unknown,unknown,1303,1924,0.0011995
2026-05-01T10:22:43.399321,x-ai/grok-4.1-fast,unknown,unknown,unknown,1838,1228,0.0009585
2026-05-01T10:22:50.187267,x-ai/grok-4.1-fast,unknown,unknown,unknown,1205,2863,0.00165045
2026-05-01T10:22:50.429567,x-ai/grok-4.1-fast,unknown,unknown,unknown,1483,830,0.0006885
2026-05-01T10:22:54.006533,x-ai/grok-4.1-fast,unknown,unknown,unknown,1826,1635,0.0011596
2026-05-01T10:22:55.617041,x-ai/grok-4.1-fast,unknown,unknown,unknown,1879,1342,0.0010237
2026-05-01T10:23:04.356460,x-ai/grok-4.1-fast,unknown,unknown,unknown,2124,1914,0.0013587
2026-05-01T10:23:08.419368,x-ai/grok-4.1-fast,unknown,unknown,unknown,1312,1567,0.00102385
2026-05-01T10:23:08.944998,x-ai/grok-4.1-fast,unknown,unknown,unknown,1881,1132,0.00092015
2026-05-01T10:23:11.040108,x-ai/grok-4.1-fast,unknown,unknown,unknown,1559,1632,0.00110575
2026-05-01T10:23:11.815590,x-ai/grok-4.1-fast,unknown,unknown,unknown,1224,1791,0.00111825
2026-05-01T10:23:30.215373,x-ai/grok-4.1-fast,unknown,unknown,unknown,1201,1579,0.00100765
2026-05-01T10:23:33.259427,x-ai/grok-4.1-fast,unknown,unknown,unknown,1420,1966,0.0012439
2026-05-01T10:23:34.497677,x-ai/grok-4.1-fast,unknown,unknown,unknown,1733,2167,0.001407
2026-05-01T10:23:36.235016,x-ai/grok-4.1-fast,unknown,unknown,unknown,1937,2437,0.00158385
2026-05-01T10:23:39.548143,x-ai/grok-4.1-fast,unknown,unknown,unknown,1682,3053,0.0018398
2026-05-01T10:23:45.800721,x-ai/grok-4.1-fast,unknown,unknown,unknown,1329,953,0.0007192
2026-05-01T10:23:52.460720,x-ai/grok-4.1-fast,unknown,unknown,unknown,1738,1798,0.0012235
2026-05-01T10:24:00.161875,x-ai/grok-4.1-fast,unknown,unknown,unknown,1687,2346,0.00148835
2026-05-01T10:24:01.709195,x-ai/grok-4.1-fast,unknown,unknown,unknown,1697,1481,0.0010568
2026-05-01T10:24:06.316597,x-ai/grok-4.1-fast,unknown,unknown,unknown,2317,1389,0.00113585
2026-05-01T10:24:11.914076,x-ai/grok-4.1-fast,unknown,unknown,unknown,1926,1589,0.0011566
2026-05-01T10:24:13.013144,x-ai/grok-4.1-fast,unknown,unknown,unknown,1504,1664,0.0011097
2026-05-01T10:24:24.814274,x-ai/grok-4.1-fast,unknown,unknown,unknown,1801,1373,0.00102465
2026-05-01T10:24:25.914195,x-ai/grok-4.1-fast,unknown,unknown,unknown,1499,1814,0.0011837
2026-05-01T10:24:31.014567,x-ai/grok-4.1-fast,unknown,unknown,unknown,1733,1682,0.0011645
2026-05-01T10:24:35.279346,x-ai/grok-4.1-fast,unknown,unknown,unknown,2025,1868,0.0013159
2026-05-01T10:24:49.230525,x-ai/grok-4.1-fast,unknown,unknown,unknown,1293,2782,0.0016265
2026-05-01T10:24:51.182837,x-ai/grok-4.1-fast,unknown,unknown,unknown,1898,1635,0.00117505
2026-05-01T10:24:52.230675,x-ai/grok-4.1-fast,unknown,unknown,unknown,1403,1480,0.00099855
2026-05-01T10:24:55.096342,x-ai/grok-4.1-fast,unknown,unknown,unknown,1710,2194,0.00141695
2026-05-01T10:25:00.093171,x-ai/grok-4.1-fast,unknown,unknown,unknown,1887,1297,0.00100385
2026-05-01T10:25:10.816870,x-ai/grok-4.1-fast,unknown,unknown,unknown,2082,1267,0.0010268
2026-05-01T10:25:12.539028,x-ai/grok-4.1-fast,unknown,unknown,unknown,1424,3175,0.00185025
2026-05-01T10:25:13.080918,x-ai/grok-4.1-fast,unknown,unknown,unknown,2025,1229,0.0009964
2026-05-01T10:25:15.064873,x-ai/grok-4.1-fast,unknown,unknown,unknown,1624,2400,0.0015017
2026-05-01T10:25:30.684495,x-ai/grok-4.1-fast,unknown,unknown,unknown,1467,1928,0.0012343
2026-05-01T10:25:32.873401,x-ai/grok-4.1-fast,unknown,unknown,unknown,1461,2392,0.0014651
2026-05-01T10:25:35.221994,x-ai/grok-4.1-fast,unknown,unknown,unknown,1623,1479,0.00104205
2026-05-01T10:25:38.726075,x-ai/grok-4.1-fast,unknown,unknown,unknown,2368,850,0.00087655
2026-05-01T10:25:41.754779,x-ai/grok-4.1-fast,unknown,unknown,unknown,1942,2277,0.00150485
2026-05-01T10:25:46.230088,x-ai/grok-4.1-fast,unknown,unknown,unknown,1875,1419,0.0010614
2026-05-01T10:25:46.590363,x-ai/grok-4.1-fast,unknown,unknown,unknown,1389,3297,0.00190425
2026-05-01T10:25:52.294193,x-ai/grok-4.1-fast,unknown,unknown,unknown,1515,1377,0.00096945
2026-05-01T10:25:52.916891,x-ai/grok-4.1-fast,unknown,unknown,unknown,2280,832,0.00084995
2026-05-01T10:25:58.516386,x-ai/grok-4.1-fast,unknown,unknown,unknown,1492,1543,0.0010468
2026-05-01T10:25:58.813158,x-ai/grok-4.1-fast,unknown,unknown,unknown,1956,738,0.00073815
2026-05-01T10:26:10.063093,x-ai/grok-4.1-fast,unknown,unknown,unknown,1998,1514,0.00113455
2026-05-01T10:26:12.971207,x-ai/grok-4.1-fast,unknown,unknown,unknown,1953,2419,0.00157805
2026-05-01T10:26:28.291107,x-ai/grok-4.1-fast,unknown,unknown,unknown,11370,809,0.00265645
2026-05-01T10:26:29.227366,x-ai/grok-4.1-fast,unknown,unknown,unknown,1714,3178,0.00190975
2026-05-01T10:26:30.159634,x-ai/grok-4.1-fast,unknown,unknown,unknown,1414,1754,0.00113775
2026-05-01T10:26:33.791006,x-ai/grok-4.1-fast,unknown,unknown,unknown,1653,1936,0.00127655
2026-05-01T10:26:36.254532,x-ai/grok-4.1-fast,unknown,unknown,unknown,1512,1428,0.0009933
2026-05-01T10:26:41.049128,x-ai/grok-4.1-fast,unknown,unknown,unknown,1325,737,0.0006104
2026-05-01T10:26:44.427600,x-ai/grok-4.1-fast,unknown,unknown,unknown,1806,1674,0.0011751
2026-05-01T10:26:57.186890,x-ai/grok-4.1-fast,unknown,unknown,unknown,1374,1472,0.00098875
2026-05-01T10:27:03.193487,x-ai/grok-4.1-fast,unknown,unknown,unknown,2104,3055,0.0019252
2026-05-01T10:27:09.127663,x-ai/grok-4.1-fast,unknown,unknown,unknown,2379,738,0.00082275
2026-05-01T10:27:09.594156,x-ai/grok-4.1-fast,unknown,unknown,unknown,1837,3649,0.00216985
2026-05-01T10:27:21.190457,x-ai/grok-4.1-fast,unknown,unknown,unknown,1385,1104,0.00080695
2026-05-01T10:27:22.391582,x-ai/grok-4.1-fast,unknown,unknown,unknown,1684,1556,0.00109275
2026-05-01T10:27:23.224950,x-ai/grok-4.1-fast,unknown,unknown,unknown,1628,3253,0.00193005
2026-05-01T10:27:23.634329,x-ai/grok-4.1-fast,unknown,unknown,unknown,1807,3612,0.00214535
2026-05-01T10:27:39.997860,x-ai/grok-4.1-fast,unknown,unknown,unknown,1227,1505,0.00097585
2026-05-01T10:27:40.639661,x-ai/grok-4.1-fast,unknown,unknown,unknown,1680,1561,0.0010934
2026-05-01T10:27:40.879413,x-ai/grok-4.1-fast,unknown,unknown,unknown,1652,1856,0.0012353
2026-05-01T10:27:44.728247,x-ai/grok-4.1-fast,unknown,unknown,unknown,1892,4111,0.00241185
2026-05-01T10:27:46.818598,x-ai/grok-4.1-fast,unknown,unknown,unknown,2525,807,0.0008854
2026-05-01T10:27:55.206457,x-ai/grok-4.1-fast,unknown,unknown,unknown,1501,1513,0.0010336
2026-05-01T10:27:59.412805,x-ai/grok-4.1-fast,unknown,unknown,unknown,1905,1716,0.00121695
2026-05-01T10:28:07.577942,x-ai/grok-4.1-fast,unknown,unknown,unknown,1206,2036,0.0012361
2026-05-01T10:28:08.512401,x-ai/grok-4.1-fast,unknown,unknown,unknown,1452,1221,0.0008778
2026-05-01T10:28:11.361122,x-ai/grok-4.1-fast,unknown,unknown,unknown,1786,2675,0.00167265
2026-05-01T10:28:12.336606,x-ai/grok-4.1-fast,unknown,unknown,unknown,1845,1686,0.0011889
2026-05-01T10:28:14.297492,x-ai/grok-4.1-fast,unknown,unknown,unknown,1270,1551,0.00100745
2026-05-01T10:28:24.159149,x-ai/grok-4.1-fast,unknown,unknown,unknown,2173,1065,0.00094505
2026-05-01T10:28:24.320694,x-ai/grok-4.1-fast,unknown,unknown,unknown,1524,1481,0.0010222
2026-05-01T10:28:32.735790,x-ai/grok-4.1-fast,unknown,unknown,unknown,1533,1220,0.0008935
2026-05-01T10:28:34.034457,x-ai/grok-4.1-fast,unknown,unknown,unknown,1566,1884,0.0012321
2026-05-01T10:28:40.334414,x-ai/grok-4.1-fast,unknown,unknown,unknown,1750,1505,0.0010794
2026-05-01T10:28:47.113326,x-ai/grok-4.1-fast,unknown,unknown,unknown,1892,1239,0.0009748
2026-05-01T10:28:49.210400,x-ai/grok-4.1-fast,unknown,unknown,unknown,2271,2586,0.0017241
2026-05-01T10:28:56.549675,x-ai/grok-4.1-fast,unknown,unknown,unknown,1394,1687,0.00110025
2026-05-01T10:28:57.714740,x-ai/grok-4.1-fast,unknown,unknown,unknown,2055,2872,0.00182495
2026-05-01T10:29:03.236227,x-ai/grok-4.1-fast,unknown,unknown,unknown,1600,758,0.0006759
2026-05-01T10:29:09.670558,x-ai/grok-4.1-fast,unknown,unknown,unknown,1306,1530,0.00100415
2026-05-01T10:29:09.818307,x-ai/grok-4.1-fast,unknown,unknown,unknown,2222,2431,0.00163785
2026-05-01T10:29:09.996344,x-ai/grok-4.1-fast,unknown,unknown,unknown,1401,1886,0.00120115
2026-05-01T10:29:30.536931,x-ai/grok-4.1-fast,unknown,unknown,unknown,1483,1904,0.0012255
2026-05-01T10:29:31.796287,x-ai/grok-4.1-fast,unknown,unknown,unknown,1659,3077,0.00184825
2026-05-01T10:29:38.079015,x-ai/grok-4.1-fast,unknown,unknown,unknown,2402,1041,0.00097885
2026-05-01T10:29:48.610120,x-ai/grok-4.1-fast,unknown,unknown,unknown,1181,1536,0.00098215
2026-05-01T10:29:50.412314,x-ai/grok-4.1-fast,unknown,unknown,unknown,1377,1797,0.00115185
2026-05-01T10:29:53.172198,x-ai/grok-4.1-fast,unknown,unknown,unknown,1711,711,0.0006746
2026-05-01T10:29:56.873965,x-ai/grok-4.1-fast,unknown,unknown,unknown,1582,1693,0.00114085
2026-05-01T10:30:01.985325,x-ai/grok-4.1-fast,unknown,unknown,unknown,2393,4713,0.002812
2026-05-01T10:30:04.894721,x-ai/grok-4.1-fast,unknown,unknown,unknown,1514,1201,0.0008802
2026-05-01T10:30:05.030520,x-ai/grok-4.1-fast,unknown,unknown,unknown,1149,867,0.0006402
2026-05-01T10:30:08.687605,x-ai/grok-4.1-fast,unknown,unknown,unknown,2267,1851,0.00135685
2026-05-01T10:30:15.353035,x-ai/grok-4.1-fast,unknown,unknown,unknown,2197,2246,0.0015393
2026-05-01T10:30:22.006946,x-ai/grok-4.1-fast,unknown,unknown,unknown,1703,1504,0.00107055
2026-05-01T10:30:25.355452,x-ai/grok-4.1-fast,unknown,unknown,unknown,2184,1245,0.00103725
2026-05-01T10:30:28.537093,x-ai/grok-4.1-fast,unknown,unknown,unknown,1478,2242,0.0013935
2026-05-01T10:30:31.534123,x-ai/grok-4.1-fast,unknown,unknown,unknown,1738,2869,0.00176005
2026-05-01T10:30:34.274589,x-ai/grok-4.1-fast,unknown,unknown,unknown,1423,780,0.0006515
2026-05-01T10:30:42.602405,x-ai/grok-4.1-fast,unknown,unknown,unknown,1606,2008,0.00130315
2026-05-01T10:30:46.892227,x-ai/grok-4.1-fast,unknown,unknown,unknown,2221,2944,0.0018931
2026-05-01T10:30:47.730653,x-ai/grok-4.1-fast,unknown,unknown,unknown,1954,1411,0.0010732
2026-05-01T10:30:54.298113,x-ai/grok-4.1-fast,unknown,unknown,unknown,2072,1136,0.00096035
2026-05-01T10:30:56.612448,x-ai/grok-4.1-fast,unknown,unknown,unknown,1273,2446,0.0014545
2026-05-01T10:31:00.122298,x-ai/grok-4.1-fast,unknown,unknown,unknown,1650,2037,0.0013254
2026-05-01T10:31:00.663594,x-ai/grok-4.1-fast,unknown,unknown,unknown,1315,716,0.00059895
2026-05-01T10:31:02.927573,x-ai/grok-4.1-fast,unknown,unknown,unknown,1466,1141,0.0008406
2026-05-01T10:31:06.177898,x-ai/grok-4.1-fast,unknown,unknown,unknown,2041,2052,0.00141215
2026-05-01T10:31:09.286785,x-ai/grok-4.1-fast,unknown,unknown,unknown,2194,591,0.00071225
2026-05-01T10:31:16.010464,x-ai/grok-4.1-fast,unknown,unknown,unknown,1691,926,0.0007781
2026-05-01T10:31:20.198932,x-ai/grok-4.1-fast,unknown,unknown,unknown,1564,1999,0.00129025
2026-05-01T10:31:34.195336,x-ai/grok-4.1-fast,unknown,unknown,unknown,2328,2665,0.00177605
2026-05-01T10:31:44.932988,x-ai/grok-4.1-fast,unknown,unknown,unknown,2023,4233,0.00249905
2026-05-01T10:31:51.661890,x-ai/grok-4.1-fast,unknown,unknown,unknown,1288,776,0.0006225
2026-05-01T10:31:57.557713,x-ai/grok-4.1-fast,unknown,unknown,unknown,1546,1050,0.00081215
2026-05-01T10:31:58.689107,x-ai/grok-4.1-fast,unknown,unknown,unknown,2217,838,0.00084035
2026-05-01T10:31:59.905029,x-ai/grok-4.1-fast,unknown,unknown,unknown,1671,1509,0.0010656
2026-05-01T10:32:08.465407,x-ai/grok-4.1-fast,unknown,unknown,unknown,1576,2375,0.00148065
2026-05-01T10:32:12.288804,x-ai/grok-4.1-fast,unknown,unknown,unknown,1392,1520,0.00101635
2026-05-01T10:32:13.197062,x-ai/grok-4.1-fast,unknown,unknown,unknown,1811,2717,0.00169865
2026-05-01T10:32:14.607240,x-ai/grok-4.1-fast,unknown,unknown,unknown,1668,780,0.00070155
2026-05-01T10:32:16.007583,x-ai/grok-4.1-fast,unknown,unknown,unknown,1518,1745,0.001153
2026-05-01T10:32:16.577746,x-ai/grok-4.1-fast,unknown,unknown,unknown,1371,1241,0.0008716
2026-05-01T10:32:22.392082,x-ai/grok-4.1-fast,unknown,unknown,unknown,2148,1032,0.00092355
2026-05-01T10:32:25.642682,x-ai/grok-4.1-fast,unknown,unknown,unknown,2224,1107,0.0009752
2026-05-01T10:32:33.267282,x-ai/grok-4.1-fast,unknown,unknown,unknown,1332,1667,0.00107785
2026-05-01T10:32:37.855498,x-ai/grok-4.1-fast,unknown,unknown,unknown,1484,1887,0.00121825
2026-05-01T10:32:42.229050,x-ai/grok-4.1-fast,unknown,unknown,unknown,1535,2461,0.0015144
2026-05-01T10:32:42.597889,x-ai/grok-4.1-fast,unknown,unknown,unknown,1665,1517,0.00106945
2026-05-01T10:32:50.015511,x-ai/grok-4.1-fast,unknown,unknown,unknown,1627,3831,0.0022178
2026-05-01T10:33:01.578294,x-ai/grok-4.1-fast,unknown,unknown,unknown,2269,1948,0.00140575
2026-05-01T10:33:07.032929,x-ai/grok-4.1-fast,unknown,unknown,unknown,1276,2190,0.0013271
2026-05-01T10:33:15.316583,x-ai/grok-4.1-fast,unknown,unknown,unknown,2160,3045,0.00193245
2026-05-01T10:33:16.109371,x-ai/grok-4.1-fast,unknown,unknown,unknown,1451,2188,0.0013611
2026-05-01T10:33:16.967008,x-ai/grok-4.1-fast,unknown,unknown,unknown,1594,4288,0.00244075
2026-05-01T10:33:25.063865,x-ai/grok-4.1-fast,unknown,unknown,unknown,1474,1050,0.0007967
2026-05-01T10:33:25.507431,x-ai/grok-4.1-fast,unknown,unknown,unknown,1381,2404,0.00145615
2026-05-01T10:33:31.098015,x-ai/grok-4.1-fast,unknown,unknown,unknown,1594,1957,0.00127525
2026-05-01T10:33:35.484761,x-ai/grok-4.1-fast,unknown,unknown,unknown,2383,2057,0.001482
2026-05-01T10:33:41.388376,x-ai/grok-4.1-fast,unknown,unknown,unknown,1784,1945,0.00130725
2026-05-01T10:33:44.961075,x-ai/grok-4.1-fast,unknown,unknown,unknown,2453,2433,0.001684
2026-05-01T10:33:48.104926,x-ai/grok-4.1-fast,unknown,unknown,unknown,1452,1436,0.00098635
2026-05-01T10:33:48.576719,x-ai/grok-4.1-fast,unknown,unknown,unknown,1681,983,0.0008046
2026-05-01T10:33:50.903086,x-ai/grok-4.1-fast,unknown,unknown,unknown,2373,1924,0.0014135
2026-05-01T10:33:56.443449,x-ai/grok-4.1-fast,unknown,unknown,unknown,2018,871,0.00081705
2026-05-01T10:33:59.063943,x-ai/grok-4.1-fast,unknown,unknown,unknown,1532,2467,0.0015168
2026-05-01T10:34:02.416773,x-ai/grok-4.1-fast,unknown,unknown,unknown,1358,1323,0.00091
2026-05-01T10:34:06.055673,x-ai/grok-4.1-fast,unknown,unknown,unknown,1540,1224,0.00089795
2026-05-01T10:34:08.296165,x-ai/grok-4.1-fast,unknown,unknown,unknown,1577,2442,0.00151435
2026-05-01T10:34:10.184544,x-ai/grok-4.1-fast,unknown,unknown,unknown,2085,2217,0.00150345
2026-05-01T10:34:15.696722,x-ai/grok-4.1-fast,unknown,unknown,unknown,1366,2083,0.0012916
2026-05-01T10:34:16.505821,x-ai/grok-4.1-fast,unknown,unknown,unknown,2399,1041,0.00097825
2026-05-01T10:34:24.419534,x-ai/grok-4.1-fast,unknown,unknown,unknown,1493,1787,0.001169
2026-05-01T10:34:27.109977,x-ai/grok-4.1-fast,unknown,unknown,unknown,1814,2317,0.00149925
2026-05-01T10:34:27.162141,x-ai/grok-4.1-fast,unknown,unknown,unknown,1280,840,0.00065395
2026-05-01T10:34:29.748324,x-ai/grok-4.1-fast,unknown,unknown,unknown,2021,1816,0.0012891
2026-05-01T10:34:34.464171,x-ai/grok-4.1-fast,unknown,unknown,unknown,1548,790,0.00068255
2026-05-01T10:34:40.251788,x-ai/grok-4.1-fast,unknown,unknown,unknown,1302,1792,0.00113435
2026-05-01T10:34:42.317976,x-ai/grok-4.1-fast,unknown,unknown,unknown,1806,1450,0.00106415
2026-05-01T10:34:50.967704,x-ai/grok-4.1-fast,unknown,unknown,unknown,2103,1807,0.001301
2026-05-01T10:34:54.499458,x-ai/grok-4.1-fast,unknown,unknown,unknown,1340,810,0.00065095
2026-05-01T10:34:54.733439,x-ai/grok-4.1-fast,unknown,unknown,unknown,1414,2988,0.00175475
2026-05-01T10:34:54.877881,x-ai/grok-4.1-fast,unknown,unknown,unknown,2074,2043,0.0014132
2026-05-01T10:34:55.003740,x-ai/grok-4.1-fast,unknown,unknown,unknown,1300,1225,0.0008494
2026-05-01T10:35:01.978278,x-ai/grok-4.1-fast,unknown,unknown,unknown,1567,1119,0.0008498
2026-05-01T10:35:04.460272,x-ai/grok-4.1-fast,unknown,unknown,unknown,1612,889,0.0007438
2026-05-01T10:35:09.939692,x-ai/grok-4.1-fast,unknown,unknown,unknown,1552,1711,0.00114265
2026-05-01T10:35:15.086520,x-ai/grok-4.1-fast,unknown,unknown,unknown,1318,1153,0.00081805
2026-05-01T10:35:20.851522,x-ai/grok-4.1-fast,unknown,unknown,unknown,1908,2736,0.0017265
2026-05-01T10:35:27.222901,x-ai/grok-4.1-fast,unknown,unknown,unknown,1492,2158,0.00135535
2026-05-01T10:35:31.589174,x-ai/grok-4.1-fast,unknown,unknown,unknown,2295,3189,0.00203145
2026-05-01T10:35:39.632056,x-ai/grok-4.1-fast,unknown,unknown,unknown,1322,2507,0.00149585
2026-05-01T10:35:40.776193,x-ai/grok-4.1-fast,unknown,unknown,unknown,2055,1197,0.00098745
2026-05-01T10:35:43.669531,x-ai/grok-4.1-fast,unknown,unknown,unknown,1568,1947,0.001264
2026-05-01T10:35:45.494081,x-ai/grok-4.1-fast,unknown,unknown,unknown,1676,2675,0.0016496
2026-05-01T10:35:51.786010,x-ai/grok-4.1-fast,unknown,unknown,unknown,1208,1011,0.000724
2026-05-01T10:35:54.766119,x-ai/grok-4.1-fast,unknown,unknown,unknown,1979,1933,0.00134025
2026-05-01T10:36:03.148301,x-ai/grok-4.1-fast,unknown,unknown,unknown,1383,2192,0.00135055
2026-05-01T10:36:06.735744,x-ai/grok-4.1-fast,unknown,unknown,unknown,1591,1311,0.0009506
2026-05-01T10:36:11.709137,x-ai/grok-4.1-fast,unknown,unknown,unknown,1542,2413,0.00149285
2026-05-01T10:36:13.899866,x-ai/grok-4.1-fast,unknown,unknown,unknown,1704,2285,0.00146005
2026-05-01T10:36:17.161932,x-ai/grok-4.1-fast,unknown,unknown,unknown,2080,2031,0.0014084
2026-05-01T10:36:20.861359,x-ai/grok-4.1-fast,unknown,unknown,unknown,1977,1639,0.0011918
2026-05-01T10:36:22.828718,x-ai/grok-4.1-fast,unknown,unknown,unknown,1294,1543,0.00100825
2026-05-01T10:36:37.923695,x-ai/grok-4.1-fast,unknown,unknown,unknown,2341,1612,0.00125215
2026-05-01T10:36:39.088933,x-ai/grok-4.1-fast,unknown,unknown,unknown,1481,2554,0.00155115
2026-05-01T10:36:46.220789,x-ai/grok-4.1-fast,unknown,unknown,unknown,2208,2535,0.00168705
2026-05-01T10:36:47.474098,x-ai/grok-4.1-fast,unknown,unknown,unknown,1356,1209,0.00085365
2026-05-01T10:36:51.725535,x-ai/grok-4.1-fast,unknown,unknown,unknown,1309,2661,0.0015692
2026-05-01T10:37:00.697959,x-ai/grok-4.1-fast,unknown,unknown,unknown,1641,1617,0.0011136
2026-05-01T10:37:08.763547,x-ai/grok-4.1-fast,unknown,unknown,unknown,1317,1516,0.00099935
2026-05-01T10:37:12.233671,x-ai/grok-4.1-fast,unknown,unknown,unknown,1524,1773,0.0011682
2026-05-01T10:37:18.720158,x-ai/grok-4.1-fast,unknown,unknown,unknown,1400,4069,0.00229245
2026-05-01T10:37:19.911190,x-ai/grok-4.1-fast,unknown,unknown,unknown,2132,2129,0.0014678
2026-05-01T10:37:23.128611,x-ai/grok-4.1-fast,unknown,unknown,unknown,1311,1389,0.00093465
2026-05-01T10:37:25.719185,x-ai/grok-4.1-fast,unknown,unknown,unknown,1573,955,0.000769
2026-05-01T10:37:36.905774,x-ai/grok-4.1-fast,unknown,unknown,unknown,1925,1379,0.0010514
2026-05-01T10:37:37.345412,x-ai/grok-4.1-fast,unknown,unknown,unknown,1526,1346,0.00095615
2026-05-01T10:37:41.180252,x-ai/grok-4.1-fast,unknown,unknown,unknown,2169,3626,0.00222475
2026-05-01T10:37:42.306271,x-ai/grok-4.1-fast,unknown,unknown,unknown,1816,1695,0.00118865
2026-05-01T10:37:48.863840,x-ai/grok-4.1-fast,unknown,unknown,unknown,1423,1164,0.0008435
2026-05-01T10:37:51.423500,x-ai/grok-4.1-fast,unknown,unknown,unknown,1730,966,0.00080695
2026-05-01T10:37:58.226129,x-ai/grok-4.1-fast,unknown,unknown,unknown,1553,1363,0.000969
2026-05-01T10:37:58.410755,x-ai/grok-4.1-fast,unknown,unknown,unknown,1375,1979,0.0012414
2026-05-01T10:37:59.745353,x-ai/grok-4.1-fast,unknown,unknown,unknown,2576,2561,0.00177365
2026-05-01T10:38:10.592036,x-ai/grok-4.1-fast,unknown,unknown,unknown,1715,1539,0.00109045
2026-05-01T10:38:17.535286,x-ai/grok-4.1-fast,unknown,unknown,unknown,2365,649,0.00077545
2026-05-01T10:38:18.396539,x-ai/grok-4.1-fast,unknown,unknown,unknown,1453,1872,0.00120455
2026-05-01T10:38:18.968939,x-ai/grok-4.1-fast,unknown,unknown,unknown,2176,1799,0.0013116
2026-05-01T10:38:20.719073,x-ai/grok-4.1-fast,unknown,unknown,unknown,2326,3110,0.0019971
2026-05-01T10:38:21.447548,x-ai/grok-4.1-fast,unknown,unknown,unknown,1367,2312,0.00140735
2026-05-01T10:38:28.827409,x-ai/grok-4.1-fast,unknown,unknown,unknown,2439,780,0.00085575
2026-05-01T10:38:34.887949,x-ai/grok-4.1-fast,unknown,unknown,unknown,1495,1372,0.0009619
2026-05-01T10:38:39.205695,x-ai/grok-4.1-fast,unknown,unknown,unknown,1394,2001,0.00125725
2026-05-01T10:38:45.650923,x-ai/grok-4.1-fast,unknown,unknown,unknown,1614,1768,0.00118475
2026-05-01T10:38:51.668729,x-ai/grok-4.1-fast,unknown,unknown,unknown,2330,1664,0.00127595
2026-05-01T10:38:58.058731,x-ai/grok-4.1-fast,unknown,unknown,unknown,1461,2227,0.0013826
2026-05-01T10:39:02.913071,x-ai/grok-4.1-fast,unknown,unknown,unknown,2606,4266,0.00263215
2026-05-01T10:39:04.755623,x-ai/grok-4.1-fast,unknown,unknown,unknown,1631,2212,0.0014091
2026-05-01T10:39:10.590175,x-ai/grok-4.1-fast,unknown,unknown,unknown,2477,1834,0.00139035
2026-05-01T10:39:11.255867,x-ai/grok-4.1-fast,unknown,unknown,unknown,1716,2950,0.00179615
2026-05-01T10:39:20.975467,x-ai/grok-4.1-fast,unknown,unknown,unknown,1495,1706,0.00112995
2026-05-01T10:39:22.604086,x-ai/grok-4.1-fast,unknown,unknown,unknown,1412,1576,0.00104835
2026-05-01T10:39:35.695998,x-ai/grok-4.1-fast,unknown,unknown,unknown,1685,2514,0.0015709
2026-05-01T10:39:36.219925,x-ai/grok-4.1-fast,unknown,unknown,unknown,3079,1366,0.00127675
2026-05-01T10:39:43.565793,x-ai/grok-4.1-fast,unknown,unknown,unknown,2253,4713,0.00278505
2026-05-01T10:39:45.094491,x-ai/grok-4.1-fast,unknown,unknown,unknown,2456,2596,0.0017661
2026-05-01T10:39:49.405373,x-ai/grok-4.1-fast,unknown,unknown,unknown,1458,1555,0.001046
2026-05-01T10:39:51.192251,x-ai/grok-4.1-fast,unknown,unknown,unknown,2776,737,0.0009006
2026-05-01T10:39:51.794581,x-ai/grok-4.1-fast,unknown,unknown,unknown,1642,1657,0.00113485
2026-05-01T10:39:58.434295,x-ai/grok-4.1-fast,unknown,unknown,unknown,1632,687,0.00064785
2026-05-01T10:40:10.880116,x-ai/grok-4.1-fast,unknown,unknown,unknown,1275,2120,0.0012919
2026-05-01T10:40:11.185009,x-ai/grok-4.1-fast,unknown,unknown,unknown,2128,544,0.0006745
2026-05-01T10:40:11.832774,x-ai/grok-4.1-fast,unknown,unknown,unknown,2326,2985,0.00193565
2026-05-01T10:40:14.537838,x-ai/grok-4.1-fast,unknown,unknown,unknown,1526,1872,0.00121915
2026-05-01T10:40:27.237178,x-ai/grok-4.1-fast,unknown,unknown,unknown,1508,1729,0.001143
2026-05-01T10:40:29.908395,x-ai/grok-4.1-fast,unknown,unknown,unknown,1533,2123,0.00134605
2026-05-01T10:40:32.803098,x-ai/grok-4.1-fast,unknown,unknown,unknown,2244,2731,0.0017912
